Model:TgC13-neg,,,,,,
Type:LDA Model (322 PCA Components, 2 LDA Components )(background subtraction),,,,,
Bining:600 - 1000 binned to 0.1 with Advanced bining mode,,,,,,
Classes:Healthy,Peritumoral region,Tumor,,,,
Data file:E:\HUGH Imaging\TgC13_imaging data\Negative ion mode new laser\M14_T2.raw,,,,,,
Startscan,End scan,X coordinate,Y coordinate,Class name,Probability,Class color
1,3,0,0,Tumor,94.48,#FF8A2BE2
4,6,0,0,Healthy,98.89,#FFFA8072
7,9,0,0,Healthy,95,#FFFA8072
10,12,0,0,Tumor,97.94,#FF8A2BE2
13,15,0,0,Tumor,97.71,#FF8A2BE2
16,18,0,0,Tumor,98.53,#FF8A2BE2
19,21,0,0,Tumor,87.93,#FF8A2BE2
22,24,0,0,Healthy,97.78,#FFFA8072
25,27,0,0,Healthy,93.2,#FFFA8072
28,30,0,0,Tumor,97.31,#FF8A2BE2
31,33,0,0,Tumor,97.58,#FF8A2BE2
34,36,0,0,Healthy,96.4,#FFFA8072
37,39,0,0,Tumor,73.23,#FF8A2BE2
40,42,0,0,Tumor,84.27,#FF8A2BE2
43,45,0,0,Outlier,,
46,48,0,0,Outlier,,
49,51,0,0,Tumor,88.34,#FF8A2BE2
52,54,0,0,Outlier,,
55,57,0,0,Peritumoral region,90.71,#FFB0C4DE
58,60,0,0,Tumor,75.63,#FF8A2BE2
61,63,0,0,Tumor,95.79,#FF8A2BE2
64,66,0,0,Outlier,,
67,69,0,0,Peritumoral region,99.27,#FFB0C4DE
70,72,0,0,Tumor,97.57,#FF8A2BE2
73,75,0,0,Healthy,71.79,#FFFA8072
76,78,0,0,Tumor,83.05,#FF8A2BE2
79,81,0,0,Tumor,94.26,#FF8A2BE2
82,84,0,0,Tumor,74.58,#FF8A2BE2
85,87,0,0,Healthy,73.49,#FFFA8072
88,90,0,0,Tumor,72.5,#FF8A2BE2
91,93,0,0,Tumor,98.05,#FF8A2BE2
94,96,0,0,Tumor,76.5,#FF8A2BE2
97,99,0,0,Healthy,96.03,#FFFA8072
100,102,0,0,Tumor,99.34,#FF8A2BE2
103,105,0,0,Tumor,86.1,#FF8A2BE2
106,108,0,0,Healthy,98.55,#FFFA8072
109,111,0,0,Healthy,98.91,#FFFA8072
112,114,0,0,Tumor,99.2,#FF8A2BE2
115,117,0,0,Healthy,96.83,#FFFA8072
118,120,0,0,Healthy,99.37,#FFFA8072
121,123,0,0,Peritumoral region,75.03,#FFB0C4DE
124,126,0,0,Tumor,57.73,#FF8A2BE2
127,129,0,0,Healthy,97.96,#FFFA8072
130,132,0,0,Healthy,99.37,#FFFA8072
133,135,0,0,Healthy,98.67,#FFFA8072
136,138,0,0,Tumor,99.22,#FF8A2BE2
139,141,0,0,Healthy,93.3,#FFFA8072
142,144,0,0,Healthy,84.69,#FFFA8072
145,147,0,0,Outlier,,
148,150,0,0,Outlier,,
151,153,0,0,Tumor,98.59,#FF8A2BE2
154,156,0,0,Tumor,99.31,#FF8A2BE2
157,159,0,0,Peritumoral region,76.82,#FFB0C4DE
160,162,0,0,Tumor,95.8,#FF8A2BE2
163,165,0,0,Tumor,70.63,#FF8A2BE2
166,168,0,0,Tumor,90.85,#FF8A2BE2
169,171,0,0,Healthy,99.33,#FFFA8072
172,174,0,0,Outlier,,
175,177,0,0,Tumor,91.13,#FF8A2BE2
178,180,0,0,Tumor,90.52,#FF8A2BE2
181,183,0,0,Healthy,95.55,#FFFA8072
184,186,0,0,Tumor,98.95,#FF8A2BE2
187,189,0,0,Healthy,94.75,#FFFA8072
190,192,0,0,Healthy,95.23,#FFFA8072
193,195,0,0,Healthy,95.85,#FFFA8072
196,198,0,0,Healthy,98.93,#FFFA8072
199,201,0,0,Healthy,90.31,#FFFA8072
202,204,0,0,Healthy,96.72,#FFFA8072
205,207,0,0,Tumor,84.89,#FF8A2BE2
208,210,0,0,Healthy,98.82,#FFFA8072
211,213,0,0,Healthy,77.26,#FFFA8072
214,216,0,0,Tumor,95.74,#FF8A2BE2
217,219,0,0,Healthy,88.5,#FFFA8072
220,222,0,0,Healthy,99.35,#FFFA8072
223,225,0,0,Outlier,,
226,228,0,0,Tumor,94.03,#FF8A2BE2
229,231,0,0,Tumor,97.69,#FF8A2BE2
232,234,0,0,Tumor,89.97,#FF8A2BE2
235,237,0,0,Healthy,63.93,#FFFA8072
238,240,0,0,Tumor,97.14,#FF8A2BE2
241,243,0,0,Tumor,98.26,#FF8A2BE2
244,246,0,0,Tumor,91.28,#FF8A2BE2
247,249,0,0,Tumor,82.59,#FF8A2BE2
250,252,0,0,Tumor,98.23,#FF8A2BE2
253,255,0,0,Peritumoral region,99.06,#FFB0C4DE
256,258,0,0,Tumor,96.77,#FF8A2BE2
259,261,0,0,Tumor,96.97,#FF8A2BE2
262,264,0,0,Healthy,98.19,#FFFA8072
265,267,0,0,Healthy,54.79,#FFFA8072
268,270,0,0,Healthy,98.59,#FFFA8072
271,273,0,0,Healthy,98.79,#FFFA8072
274,276,0,0,Healthy,58.12,#FFFA8072
277,279,0,0,Tumor,68.91,#FF8A2BE2
280,282,0,0,Healthy,98.98,#FFFA8072
283,285,0,0,Healthy,96.49,#FFFA8072
286,288,0,0,Healthy,97.92,#FFFA8072
289,291,0,0,Healthy,99.22,#FFFA8072
292,294,0,0,Outlier,,
295,297,0,0,Healthy,98.14,#FFFA8072
298,300,0,0,Healthy,97.63,#FFFA8072
301,303,0,0,Healthy,55.96,#FFFA8072
304,306,0,0,Tumor,97.59,#FF8A2BE2
307,309,0,0,Tumor,71.33,#FF8A2BE2
310,312,0,0,Healthy,92.17,#FFFA8072
313,315,0,0,Healthy,96.64,#FFFA8072
316,318,0,0,Healthy,92.78,#FFFA8072
319,321,0,0,Healthy,96.68,#FFFA8072
322,324,0,0,Healthy,97.36,#FFFA8072
325,327,0,0,Healthy,97.41,#FFFA8072
328,330,0,0,Tumor,74.1,#FF8A2BE2
331,333,0,0,Tumor,93.65,#FF8A2BE2
334,336,0,0,Outlier,,
337,339,0,0,Tumor,92.59,#FF8A2BE2
340,342,0,0,Healthy,81.85,#FFFA8072
343,345,0,0,Healthy,87.59,#FFFA8072
346,348,0,0,Healthy,97.65,#FFFA8072
349,351,0,0,Healthy,95.16,#FFFA8072
352,354,0,0,Outlier,,
355,357,0,0,Healthy,98.7,#FFFA8072
358,360,0,0,Healthy,95.72,#FFFA8072
361,363,0,0,Healthy,95.92,#FFFA8072
364,366,0,0,Healthy,85.56,#FFFA8072
367,369,0,0,Tumor,81.29,#FF8A2BE2
370,372,0,0,Healthy,97.09,#FFFA8072
373,375,0,0,Healthy,77.97,#FFFA8072
376,378,0,0,Outlier,,
379,381,0,0,Healthy,73.74,#FFFA8072
382,384,0,0,Tumor,93.54,#FF8A2BE2
385,387,0,0,Tumor,89.8,#FF8A2BE2
388,390,0,0,Tumor,98.93,#FF8A2BE2
391,393,0,0,Tumor,98.43,#FF8A2BE2
394,396,0,0,Tumor,98.81,#FF8A2BE2
397,399,0,0,Tumor,99.03,#FF8A2BE2
400,402,0,0,Tumor,97.84,#FF8A2BE2
403,405,0,0,Tumor,88.82,#FF8A2BE2
406,408,0,0,Tumor,98.41,#FF8A2BE2
409,411,0,0,Tumor,98.52,#FF8A2BE2
412,414,0,0,Tumor,95.54,#FF8A2BE2
415,417,0,0,Tumor,94.97,#FF8A2BE2
418,420,0,0,Tumor,95.88,#FF8A2BE2
421,423,0,0,Tumor,95.39,#FF8A2BE2
424,426,0,0,Tumor,89.83,#FF8A2BE2
427,429,0,0,Tumor,82.25,#FF8A2BE2
430,432,0,0,Tumor,90.91,#FF8A2BE2
433,435,0,0,Tumor,95.69,#FF8A2BE2
436,438,0,0,Tumor,92.59,#FF8A2BE2
439,441,0,0,Healthy,90.71,#FFFA8072
442,444,0,0,Tumor,81.53,#FF8A2BE2
445,447,0,0,Tumor,86.82,#FF8A2BE2
448,450,0,0,Outlier,,
451,453,0,0,Healthy,97.53,#FFFA8072
454,456,0,0,Healthy,83.03,#FFFA8072
457,459,0,0,Healthy,96.64,#FFFA8072
460,462,0,0,Healthy,99.24,#FFFA8072
463,465,0,0,Tumor,99.05,#FF8A2BE2
466,468,0,0,Healthy,97.15,#FFFA8072
469,471,0,0,Healthy,77.27,#FFFA8072
472,474,0,0,Healthy,91.41,#FFFA8072
475,477,0,0,Tumor,96.67,#FF8A2BE2
478,480,0,0,Tumor,92.53,#FF8A2BE2
481,483,0,0,Healthy,98.86,#FFFA8072
484,486,0,0,Healthy,97.16,#FFFA8072
487,489,0,0,Healthy,77.37,#FFFA8072
490,492,0,0,Healthy,98.62,#FFFA8072
493,495,0,0,Healthy,97.17,#FFFA8072
496,498,0,0,Healthy,97.45,#FFFA8072
499,501,0,0,Tumor,93.22,#FF8A2BE2
502,504,0,0,Healthy,99.08,#FFFA8072
505,507,0,0,Outlier,,
508,510,0,0,Healthy,81.12,#FFFA8072
511,513,0,0,Tumor,93.46,#FF8A2BE2
514,516,0,0,Healthy,81.47,#FFFA8072
517,519,0,0,Healthy,91.73,#FFFA8072
520,522,0,0,Healthy,63.95,#FFFA8072
523,525,0,0,Healthy,99.16,#FFFA8072
526,528,0,0,Outlier,,
529,531,0,0,Tumor,81.5,#FF8A2BE2
532,534,0,0,Healthy,91.42,#FFFA8072
535,537,0,0,Outlier,,
538,540,0,0,Healthy,98.91,#FFFA8072
541,543,0,0,Peritumoral region,67.49,#FFB0C4DE
544,546,0,0,Healthy,72.06,#FFFA8072
547,549,0,0,Peritumoral region,97.34,#FFB0C4DE
550,552,0,0,Healthy,90.55,#FFFA8072
553,555,0,0,Healthy,93.27,#FFFA8072
556,558,0,0,Tumor,99.3,#FF8A2BE2
559,561,0,0,Tumor,94.09,#FF8A2BE2
562,564,0,0,Tumor,92.2,#FF8A2BE2
565,567,0,0,Tumor,98.94,#FF8A2BE2
568,570,0,0,Tumor,94.75,#FF8A2BE2
571,573,0,0,Tumor,96.7,#FF8A2BE2
574,576,0,0,Outlier,,
577,579,0,0,Tumor,91.53,#FF8A2BE2
580,582,0,0,Healthy,60.9,#FFFA8072
583,585,0,0,Healthy,97.76,#FFFA8072
586,588,0,0,Tumor,90.42,#FF8A2BE2
589,591,0,0,Healthy,77.22,#FFFA8072
592,594,0,0,Healthy,98.93,#FFFA8072
595,597,0,0,Healthy,99.04,#FFFA8072
598,600,0,0,Healthy,99.28,#FFFA8072
601,603,0,0,Healthy,97.1,#FFFA8072
604,606,0,0,Healthy,99.25,#FFFA8072
607,609,0,0,Healthy,99.34,#FFFA8072
610,612,0,0,Healthy,99.01,#FFFA8072
613,615,0,0,Healthy,96.3,#FFFA8072
616,618,0,0,Tumor,96.16,#FF8A2BE2
619,621,0,0,Outlier,,
622,624,0,0,Tumor,94.81,#FF8A2BE2
625,627,0,0,Tumor,92.57,#FF8A2BE2
628,630,0,0,Tumor,79.68,#FF8A2BE2
631,633,0,0,Outlier,,
634,636,0,0,Tumor,88.92,#FF8A2BE2
637,639,0,0,Outlier,,
640,642,0,0,Tumor,72.04,#FF8A2BE2
643,645,0,0,Tumor,86.91,#FF8A2BE2
646,648,0,0,Tumor,94.68,#FF8A2BE2
649,651,0,0,Tumor,93.35,#FF8A2BE2
652,654,0,0,Tumor,94.27,#FF8A2BE2
655,657,0,0,Tumor,52.84,#FF8A2BE2
658,660,0,0,Tumor,92.75,#FF8A2BE2
661,663,0,0,Tumor,94.37,#FF8A2BE2
664,666,0,0,Tumor,91.01,#FF8A2BE2
667,669,0,0,Tumor,92.99,#FF8A2BE2
670,672,0,0,Tumor,94.34,#FF8A2BE2
673,675,0,0,Tumor,91.07,#FF8A2BE2
676,678,0,0,Tumor,91.1,#FF8A2BE2
679,681,0,0,Tumor,99.34,#FF8A2BE2
682,684,0,0,Tumor,95.55,#FF8A2BE2
685,687,0,0,Healthy,74.23,#FFFA8072
688,690,0,0,Tumor,92.31,#FF8A2BE2
691,693,0,0,Tumor,83.41,#FF8A2BE2
694,696,0,0,Tumor,93.52,#FF8A2BE2
697,699,0,0,Tumor,89.82,#FF8A2BE2
700,702,0,0,Tumor,89.46,#FF8A2BE2
703,705,0,0,Tumor,99.07,#FF8A2BE2
706,708,0,0,Tumor,86.33,#FF8A2BE2
709,711,0,0,Healthy,84.46,#FFFA8072
712,714,0,0,Healthy,96.32,#FFFA8072
715,717,0,0,Outlier,,
718,720,0,0,Healthy,96.04,#FFFA8072
721,723,0,0,Healthy,98.27,#FFFA8072
724,726,0,0,Healthy,96.93,#FFFA8072
727,729,0,0,Healthy,95.65,#FFFA8072
730,732,0,0,Healthy,94.04,#FFFA8072
733,735,0,0,Tumor,93.22,#FF8A2BE2
736,738,0,0,Outlier,,
739,741,0,0,Tumor,74.02,#FF8A2BE2
742,744,0,0,Healthy,98.17,#FFFA8072
745,747,0,0,Healthy,99.28,#FFFA8072
748,750,0,0,Healthy,98.99,#FFFA8072
751,753,0,0,Healthy,99.29,#FFFA8072
754,756,0,0,Healthy,99.25,#FFFA8072
757,759,0,0,Healthy,84.56,#FFFA8072
760,762,0,0,Peritumoral region,72.26,#FFB0C4DE
763,765,0,0,Tumor,97.53,#FF8A2BE2
766,768,0,0,Healthy,98.13,#FFFA8072
769,771,0,0,Healthy,99.15,#FFFA8072
772,774,0,0,Healthy,99.32,#FFFA8072
775,777,0,0,Healthy,99.27,#FFFA8072
778,780,0,0,Tumor,95.02,#FF8A2BE2
781,783,0,0,Tumor,94.23,#FF8A2BE2
784,786,0,0,Tumor,93.17,#FF8A2BE2
787,789,0,0,Healthy,99.2,#FFFA8072
790,792,0,0,Tumor,98.61,#FF8A2BE2
793,795,0,0,Healthy,99.06,#FFFA8072
796,798,0,0,Healthy,92.63,#FFFA8072
799,801,0,0,Peritumoral region,98.93,#FFB0C4DE
802,804,0,0,Healthy,98.3,#FFFA8072
805,807,0,0,Healthy,98.56,#FFFA8072
808,810,0,0,Outlier,,
811,813,0,0,Tumor,69.45,#FF8A2BE2
814,816,0,0,Healthy,98.77,#FFFA8072
817,819,0,0,Peritumoral region,96.09,#FFB0C4DE
820,822,0,0,Tumor,71.49,#FF8A2BE2
823,825,0,0,Outlier,,
826,828,0,0,Healthy,99.06,#FFFA8072
829,831,0,0,Healthy,98.86,#FFFA8072
832,834,0,0,Tumor,94.61,#FF8A2BE2
835,837,0,0,Healthy,98.92,#FFFA8072
838,840,0,0,Healthy,98.06,#FFFA8072
841,843,0,0,Healthy,99.19,#FFFA8072
844,846,0,0,Tumor,94.67,#FF8A2BE2
847,849,0,0,Healthy,99.26,#FFFA8072
850,852,0,0,Healthy,98.17,#FFFA8072
853,855,0,0,Tumor,97.32,#FF8A2BE2
856,858,0,0,Outlier,,
859,861,0,0,Healthy,99.28,#FFFA8072
862,864,0,0,Healthy,98.9,#FFFA8072
865,867,0,0,Healthy,94.75,#FFFA8072
868,870,0,0,Healthy,98.31,#FFFA8072
871,873,0,0,Healthy,99.26,#FFFA8072
874,876,0,0,Healthy,97.56,#FFFA8072
877,879,0,0,Healthy,92.77,#FFFA8072
880,882,0,0,Healthy,99.12,#FFFA8072
883,885,0,0,Healthy,95.61,#FFFA8072
886,888,0,0,Healthy,97.94,#FFFA8072
889,891,0,0,Healthy,99.28,#FFFA8072
892,894,0,0,Healthy,99.23,#FFFA8072
895,897,0,0,Healthy,99.27,#FFFA8072
898,900,0,0,Healthy,79.8,#FFFA8072
901,903,0,0,Healthy,69.84,#FFFA8072
904,906,0,0,Tumor,81.22,#FF8A2BE2
907,909,0,0,Healthy,91.65,#FFFA8072
910,912,0,0,Tumor,89.07,#FF8A2BE2
913,915,0,0,Tumor,87.72,#FF8A2BE2
916,918,0,0,Tumor,91.31,#FF8A2BE2
919,921,0,0,Tumor,90.39,#FF8A2BE2
922,924,0,0,Tumor,81.16,#FF8A2BE2
925,927,0,0,Tumor,97.74,#FF8A2BE2
928,930,0,0,Tumor,98.88,#FF8A2BE2
931,933,0,0,Tumor,86.65,#FF8A2BE2
934,936,0,0,Tumor,95.71,#FF8A2BE2
937,939,0,0,Tumor,91.46,#FF8A2BE2
940,942,0,0,Tumor,71.13,#FF8A2BE2
943,945,0,0,Tumor,95.65,#FF8A2BE2
946,948,0,0,Tumor,92.63,#FF8A2BE2
949,951,0,0,Tumor,88.62,#FF8A2BE2
952,954,0,0,Healthy,98.8,#FFFA8072
955,957,0,0,Tumor,90.78,#FF8A2BE2
958,960,0,0,Tumor,89.15,#FF8A2BE2
961,963,0,0,Tumor,97.39,#FF8A2BE2
964,966,0,0,Tumor,77.87,#FF8A2BE2
967,969,0,0,Tumor,87.92,#FF8A2BE2
970,972,0,0,Outlier,,
973,975,0,0,Healthy,97.45,#FFFA8072
976,978,0,0,Healthy,99.17,#FFFA8072
979,981,0,0,Healthy,94.16,#FFFA8072
982,984,0,0,Healthy,97.75,#FFFA8072
985,987,0,0,Healthy,97.5,#FFFA8072
988,990,0,0,Outlier,,
991,993,0,0,Healthy,98.58,#FFFA8072
994,996,0,0,Healthy,93.33,#FFFA8072
997,999,0,0,Healthy,99.31,#FFFA8072
1000,1002,0,0,Healthy,98.71,#FFFA8072
1003,1005,0,0,Healthy,96.85,#FFFA8072
1006,1008,0,0,Healthy,99.35,#FFFA8072
1009,1011,0,0,Healthy,93.51,#FFFA8072
1012,1014,0,0,Healthy,99.28,#FFFA8072
1015,1017,0,0,Healthy,93.75,#FFFA8072
1018,1020,0,0,Healthy,99.24,#FFFA8072
1021,1023,0,0,Healthy,99.1,#FFFA8072
1024,1026,0,0,Healthy,99.38,#FFFA8072
1027,1029,0,0,Outlier,,
1030,1032,0,0,Healthy,99.2,#FFFA8072
1033,1035,0,0,Peritumoral region,94.74,#FFB0C4DE
1036,1038,0,0,Healthy,98.71,#FFFA8072
1039,1041,0,0,Healthy,99.25,#FFFA8072
1042,1044,0,0,Healthy,94.65,#FFFA8072
1045,1047,0,0,Healthy,99.17,#FFFA8072
1048,1050,0,0,Healthy,99.21,#FFFA8072
1051,1053,0,0,Tumor,93.93,#FF8A2BE2
1054,1056,0,0,Healthy,99.37,#FFFA8072
1057,1059,0,0,Outlier,,
1060,1062,0,0,Tumor,99.25,#FF8A2BE2
1063,1065,0,0,Healthy,98.1,#FFFA8072
1066,1068,0,0,Healthy,93.9,#FFFA8072
1069,1071,0,0,Healthy,97.95,#FFFA8072
1072,1074,0,0,Peritumoral region,97.96,#FFB0C4DE
1075,1077,0,0,Outlier,,
1078,1080,0,0,Healthy,81.19,#FFFA8072
1081,1083,0,0,Tumor,91.74,#FF8A2BE2
1084,1086,0,0,Healthy,93.9,#FFFA8072
1087,1089,0,0,Healthy,81.93,#FFFA8072
1090,1092,0,0,Healthy,98.75,#FFFA8072
1093,1095,0,0,Healthy,93.63,#FFFA8072
1096,1098,0,0,Healthy,97.45,#FFFA8072
1099,1101,0,0,Healthy,99.11,#FFFA8072
1102,1104,0,0,Healthy,68.38,#FFFA8072
1105,1107,0,0,Peritumoral region,98.63,#FFB0C4DE
1108,1110,0,0,Healthy,98.51,#FFFA8072
1111,1113,0,0,Healthy,99.27,#FFFA8072
1114,1116,0,0,Healthy,98.24,#FFFA8072
1117,1119,0,0,Healthy,91.11,#FFFA8072
1120,1122,0,0,Tumor,97.39,#FF8A2BE2
1123,1125,0,0,Tumor,86.02,#FF8A2BE2
1126,1128,0,0,Healthy,98.83,#FFFA8072
1129,1131,0,0,Healthy,99.34,#FFFA8072
1132,1134,0,0,Healthy,76.28,#FFFA8072
1135,1137,0,0,Tumor,88.62,#FF8A2BE2
1138,1140,0,0,Healthy,99.35,#FFFA8072
1141,1143,0,0,Healthy,99.19,#FFFA8072
1144,1146,0,0,Healthy,99.03,#FFFA8072
1147,1149,0,0,Healthy,99.26,#FFFA8072
1150,1152,0,0,Healthy,98.81,#FFFA8072
1153,1155,0,0,Healthy,99.26,#FFFA8072
1156,1158,0,0,Healthy,99.37,#FFFA8072
1159,1161,0,0,Healthy,96.87,#FFFA8072
1162,1164,0,0,Healthy,98.47,#FFFA8072
1165,1167,0,0,Healthy,95.61,#FFFA8072
1168,1170,0,0,Healthy,98.62,#FFFA8072
1171,1173,0,0,Healthy,97,#FFFA8072
1174,1176,0,0,Healthy,98.36,#FFFA8072
1177,1179,0,0,Tumor,93.37,#FF8A2BE2
1180,1182,0,0,Healthy,88.06,#FFFA8072
1183,1185,0,0,Healthy,60.65,#FFFA8072
1186,1188,0,0,Healthy,82.82,#FFFA8072
1189,1191,0,0,Outlier,,
1192,1194,0,0,Outlier,,
1195,1197,0,0,Outlier,,
1198,1200,0,0,Healthy,93.25,#FFFA8072
1201,1203,0,0,Tumor,89.83,#FF8A2BE2
1204,1206,0,0,Tumor,95.23,#FF8A2BE2
1207,1209,0,0,Tumor,95.58,#FF8A2BE2
1210,1212,0,0,Tumor,92.5,#FF8A2BE2
1213,1215,0,0,Tumor,90.27,#FF8A2BE2
1216,1218,0,0,Tumor,89.3,#FF8A2BE2
1219,1221,0,0,Tumor,96.86,#FF8A2BE2
1222,1224,0,0,Healthy,99.33,#FFFA8072
1225,1227,0,0,Tumor,98.62,#FF8A2BE2
1228,1230,0,0,Tumor,83.08,#FF8A2BE2
1231,1233,0,0,Healthy,87.19,#FFFA8072
1234,1236,0,0,Outlier,,
1237,1239,0,0,Healthy,91.75,#FFFA8072
1240,1242,0,0,Healthy,98.08,#FFFA8072
1243,1245,0,0,Healthy,99.31,#FFFA8072
1246,1248,0,0,Peritumoral region,58,#FFB0C4DE
1249,1251,0,0,Healthy,99.24,#FFFA8072
1252,1254,0,0,Healthy,98.79,#FFFA8072
1255,1257,0,0,Healthy,99.34,#FFFA8072
1258,1260,0,0,Healthy,99.27,#FFFA8072
1261,1263,0,0,Healthy,99.34,#FFFA8072
1264,1266,0,0,Healthy,99.02,#FFFA8072
1267,1269,0,0,Healthy,97.71,#FFFA8072
1270,1272,0,0,Tumor,98.29,#FF8A2BE2
1273,1275,0,0,Healthy,99.21,#FFFA8072
1276,1278,0,0,Healthy,98.74,#FFFA8072
1279,1281,0,0,Healthy,98.88,#FFFA8072
1282,1284,0,0,Healthy,84.23,#FFFA8072
1285,1287,0,0,Healthy,99.37,#FFFA8072
1288,1290,0,0,Healthy,99.19,#FFFA8072
1291,1293,0,0,Tumor,81.91,#FF8A2BE2
1294,1296,0,0,Outlier,,
1297,1299,0,0,Healthy,98.93,#FFFA8072
1300,1302,0,0,Healthy,98.5,#FFFA8072
1303,1305,0,0,Healthy,99.16,#FFFA8072
1306,1308,0,0,Peritumoral region,97.89,#FFB0C4DE
1309,1311,0,0,Healthy,98.29,#FFFA8072
1312,1314,0,0,Healthy,98.63,#FFFA8072
1315,1317,0,0,Healthy,97.97,#FFFA8072
1318,1320,0,0,Peritumoral region,97.57,#FFB0C4DE
1321,1323,0,0,Outlier,,
1324,1326,0,0,Outlier,,
1327,1329,0,0,Outlier,,
1330,1332,0,0,Outlier,,
1333,1335,0,0,Healthy,96.53,#FFFA8072
1336,1338,0,0,Healthy,96.14,#FFFA8072
1339,1341,0,0,Healthy,90.31,#FFFA8072
1342,1344,0,0,Tumor,94.74,#FF8A2BE2
1345,1347,0,0,Outlier,,
1348,1350,0,0,Outlier,,
1351,1353,0,0,Tumor,89.38,#FF8A2BE2
1354,1356,0,0,Outlier,,
1357,1359,0,0,Healthy,98.24,#FFFA8072
1360,1362,0,0,Healthy,95.06,#FFFA8072
1363,1365,0,0,Tumor,98.89,#FF8A2BE2
1366,1368,0,0,Healthy,98.25,#FFFA8072
1369,1371,0,0,Healthy,99.08,#FFFA8072
1372,1374,0,0,Tumor,84.9,#FF8A2BE2
1375,1377,0,0,Tumor,95.23,#FF8A2BE2
1378,1380,0,0,Tumor,84.92,#FF8A2BE2
1381,1383,0,0,Outlier,,
1384,1386,0,0,Tumor,79.41,#FF8A2BE2
1387,1389,0,0,Healthy,95.22,#FFFA8072
1390,1392,0,0,Healthy,97.58,#FFFA8072
1393,1395,0,0,Healthy,99.15,#FFFA8072
1396,1398,0,0,Healthy,97.98,#FFFA8072
1399,1401,0,0,Outlier,,
1402,1404,0,0,Healthy,99.14,#FFFA8072
1405,1407,0,0,Outlier,,
1408,1410,0,0,Outlier,,
1411,1413,0,0,Peritumoral region,99.14,#FFB0C4DE
1414,1416,0,0,Healthy,67.55,#FFFA8072
1417,1419,0,0,Outlier,,
1420,1422,0,0,Peritumoral region,95.32,#FFB0C4DE
1423,1425,0,0,Peritumoral region,60.8,#FFB0C4DE
1426,1428,0,0,Healthy,99.25,#FFFA8072
1429,1431,0,0,Healthy,98.89,#FFFA8072
1432,1434,0,0,Healthy,99.36,#FFFA8072
1435,1437,0,0,Tumor,94.6,#FF8A2BE2
1438,1440,0,0,Healthy,97.34,#FFFA8072
1441,1443,0,0,Outlier,,
1444,1446,0,0,Healthy,52.32,#FFFA8072
1447,1449,0,0,Healthy,61.46,#FFFA8072
1450,1452,0,0,Healthy,72.28,#FFFA8072
1453,1455,0,0,Healthy,99.08,#FFFA8072
1456,1458,0,0,Tumor,98.21,#FF8A2BE2
1459,1461,0,0,Tumor,90.17,#FF8A2BE2
1462,1464,0,0,Tumor,95.41,#FF8A2BE2
1465,1467,0,0,Healthy,85,#FFFA8072
1468,1470,0,0,Outlier,,
1471,1473,0,0,Tumor,92.01,#FF8A2BE2
1474,1476,0,0,Healthy,51.8,#FFFA8072
1477,1479,0,0,Healthy,99.2,#FFFA8072
1480,1482,0,0,Outlier,,
1483,1485,0,0,Tumor,87.46,#FF8A2BE2
1486,1488,0,0,Healthy,91.88,#FFFA8072
1489,1491,0,0,Healthy,99.2,#FFFA8072
1492,1494,0,0,Outlier,,
1495,1497,0,0,Outlier,,
1498,1500,0,0,Healthy,95.74,#FFFA8072
1501,1503,0,0,Healthy,54.3,#FFFA8072
1504,1506,0,0,Healthy,91.39,#FFFA8072
1507,1509,0,0,Tumor,91.4,#FF8A2BE2
1510,1512,0,0,Healthy,99.26,#FFFA8072
1513,1515,0,0,Healthy,99.32,#FFFA8072
1516,1518,0,0,Healthy,94.99,#FFFA8072
1519,1521,0,0,Healthy,99.36,#FFFA8072
1522,1524,0,0,Healthy,98.11,#FFFA8072
1525,1527,0,0,Tumor,74.32,#FF8A2BE2
1528,1530,0,0,Healthy,87.38,#FFFA8072
1531,1533,0,0,Peritumoral region,99.09,#FFB0C4DE
1534,1536,0,0,Healthy,98.25,#FFFA8072
1537,1539,0,0,Healthy,99.29,#FFFA8072
1540,1542,0,0,Healthy,99.13,#FFFA8072
1543,1545,0,0,Healthy,98.99,#FFFA8072
1546,1548,0,0,Tumor,82.94,#FF8A2BE2
1549,1551,0,0,Healthy,99.37,#FFFA8072
1552,1554,0,0,Healthy,97.37,#FFFA8072
1555,1557,0,0,Outlier,,
1558,1560,0,0,Outlier,,
1561,1563,0,0,Tumor,96.02,#FF8A2BE2
1564,1566,0,0,Healthy,98.28,#FFFA8072
1567,1569,0,0,Healthy,98.77,#FFFA8072
1570,1572,0,0,Healthy,94.78,#FFFA8072
1573,1575,0,0,Healthy,99.04,#FFFA8072
1576,1578,0,0,Outlier,,
1579,1581,0,0,Tumor,63.49,#FF8A2BE2
1582,1584,0,0,Healthy,98.73,#FFFA8072
1585,1587,0,0,Healthy,98.6,#FFFA8072
1588,1590,0,0,Healthy,83.16,#FFFA8072
1591,1593,0,0,Healthy,96.23,#FFFA8072
1594,1596,0,0,Healthy,92.39,#FFFA8072
1597,1599,0,0,Healthy,99.09,#FFFA8072
1600,1602,0,0,Healthy,97.58,#FFFA8072
1603,1605,0,0,Tumor,97.69,#FF8A2BE2
1606,1608,0,0,Healthy,99.26,#FFFA8072
1609,1611,0,0,Healthy,99.21,#FFFA8072
1612,1614,0,0,Tumor,97.81,#FF8A2BE2
1615,1617,0,0,Tumor,96.07,#FF8A2BE2
1618,1620,0,0,Tumor,97.45,#FF8A2BE2
1621,1623,0,0,Healthy,99.29,#FFFA8072
1624,1626,0,0,Healthy,99.31,#FFFA8072
1627,1629,0,0,Healthy,97.98,#FFFA8072
1630,1632,0,0,Healthy,98.63,#FFFA8072
1633,1635,0,0,Healthy,99.36,#FFFA8072
1636,1638,0,0,Healthy,98.01,#FFFA8072
1639,1641,0,0,Healthy,99,#FFFA8072
1642,1644,0,0,Healthy,98.47,#FFFA8072
1645,1647,0,0,Outlier,,
1648,1650,0,0,Healthy,99.14,#FFFA8072
1651,1653,0,0,Outlier,,
1654,1656,0,0,Healthy,85.78,#FFFA8072
1657,1659,0,0,Tumor,96.53,#FF8A2BE2
1660,1662,0,0,Healthy,91.67,#FFFA8072
1663,1665,0,0,Healthy,99.36,#FFFA8072
1666,1668,0,0,Peritumoral region,82.1,#FFB0C4DE
1669,1671,0,0,Outlier,,
1672,1674,0,0,Healthy,99.28,#FFFA8072
1675,1677,0,0,Healthy,99.3,#FFFA8072
1678,1680,0,0,Outlier,,
1681,1683,0,0,Healthy,98.73,#FFFA8072
1684,1686,0,0,Healthy,99.26,#FFFA8072
1687,1689,0,0,Healthy,99.31,#FFFA8072
1690,1692,0,0,Tumor,98.21,#FF8A2BE2
1693,1695,0,0,Healthy,99.22,#FFFA8072
1696,1698,0,0,Healthy,99.27,#FFFA8072
1699,1701,0,0,Outlier,,
1702,1704,0,0,Tumor,95.74,#FF8A2BE2
1705,1707,0,0,Healthy,99.15,#FFFA8072
1708,1710,0,0,Healthy,99.02,#FFFA8072
1711,1713,0,0,Healthy,98.55,#FFFA8072
1714,1716,0,0,Outlier,,
1717,1719,0,0,Healthy,97.14,#FFFA8072
1720,1722,0,0,Healthy,98.52,#FFFA8072
1723,1725,0,0,Healthy,95.2,#FFFA8072
1726,1728,0,0,Healthy,98.59,#FFFA8072
1729,1731,0,0,Tumor,95.97,#FF8A2BE2
1732,1734,0,0,Healthy,96.24,#FFFA8072
1735,1737,0,0,Healthy,98.1,#FFFA8072
1738,1740,0,0,Healthy,81.73,#FFFA8072
1741,1743,0,0,Healthy,96.66,#FFFA8072
1744,1746,0,0,Healthy,98.79,#FFFA8072
1747,1749,0,0,Healthy,99.11,#FFFA8072
1750,1752,0,0,Healthy,98.39,#FFFA8072
1753,1755,0,0,Outlier,,
1756,1758,0,0,Tumor,88.48,#FF8A2BE2
1759,1761,0,0,Healthy,56.47,#FFFA8072
1762,1764,0,0,Healthy,86.45,#FFFA8072
1765,1767,0,0,Healthy,98.75,#FFFA8072
1768,1770,0,0,Healthy,96.61,#FFFA8072
1771,1773,0,0,Healthy,80.76,#FFFA8072
1774,1776,0,0,Healthy,96.07,#FFFA8072
1777,1779,0,0,Tumor,97.75,#FF8A2BE2
1780,1782,0,0,Tumor,85.75,#FF8A2BE2
1783,1785,0,0,Healthy,99.2,#FFFA8072
1786,1788,0,0,Healthy,93.61,#FFFA8072
1789,1791,0,0,Healthy,99.26,#FFFA8072
1792,1794,0,0,Healthy,99.38,#FFFA8072
1795,1797,0,0,Outlier,,
1798,1800,0,0,Tumor,98.18,#FF8A2BE2
1801,1803,0,0,Healthy,99.15,#FFFA8072
1804,1806,0,0,Tumor,97.84,#FF8A2BE2
1807,1809,0,0,Healthy,99.37,#FFFA8072
1810,1812,0,0,Healthy,99.15,#FFFA8072
1813,1815,0,0,Healthy,99.1,#FFFA8072
1816,1818,0,0,Healthy,98.64,#FFFA8072
1819,1821,0,0,Healthy,99.22,#FFFA8072
1822,1824,0,0,Peritumoral region,67.69,#FFB0C4DE
1825,1827,0,0,Healthy,99.02,#FFFA8072
1828,1830,0,0,Healthy,99.13,#FFFA8072
1831,1833,0,0,Outlier,,
1834,1836,0,0,Tumor,98.66,#FF8A2BE2
1837,1839,0,0,Healthy,99.01,#FFFA8072
1840,1842,0,0,Healthy,98.8,#FFFA8072
1843,1845,0,0,Healthy,99.31,#FFFA8072
1846,1848,0,0,Healthy,99.03,#FFFA8072
1849,1851,0,0,Tumor,95.92,#FF8A2BE2
1852,1854,0,0,Healthy,96.73,#FFFA8072
1855,1857,0,0,Healthy,99.09,#FFFA8072
1858,1860,0,0,Healthy,97.51,#FFFA8072
1861,1863,0,0,Healthy,97.25,#FFFA8072
1864,1866,0,0,Outlier,,
1867,1869,0,0,Healthy,99.31,#FFFA8072
1870,1872,0,0,Healthy,99.37,#FFFA8072
1873,1875,0,0,Healthy,98.45,#FFFA8072
1876,1878,0,0,Outlier,,
1879,1881,0,0,Tumor,96.96,#FF8A2BE2
1882,1884,0,0,Tumor,94.3,#FF8A2BE2
1885,1887,0,0,Tumor,90.75,#FF8A2BE2
1888,1890,0,0,Healthy,96.55,#FFFA8072
1891,1893,0,0,Healthy,79.27,#FFFA8072
1894,1896,0,0,Healthy,88.94,#FFFA8072
1897,1899,0,0,Tumor,92.74,#FF8A2BE2
1900,1902,0,0,Healthy,99.13,#FFFA8072
1903,1905,0,0,Outlier,,
1906,1908,0,0,Healthy,98.5,#FFFA8072
1909,1911,0,0,Tumor,90.45,#FF8A2BE2
1912,1914,0,0,Outlier,,
1915,1917,0,0,Healthy,98.91,#FFFA8072
1918,1920,0,0,Healthy,99.32,#FFFA8072
1921,1923,0,0,Healthy,99.12,#FFFA8072
1924,1926,0,0,Outlier,,
1927,1929,0,0,Healthy,98.64,#FFFA8072
1930,1932,0,0,Healthy,71.16,#FFFA8072
1933,1935,0,0,Healthy,99.26,#FFFA8072
1936,1938,0,0,Healthy,98.09,#FFFA8072
1939,1941,0,0,Healthy,99.13,#FFFA8072
1942,1944,0,0,Healthy,99.29,#FFFA8072
1945,1947,0,0,Outlier,,
1948,1950,0,0,Healthy,98.9,#FFFA8072
1951,1953,0,0,Healthy,99.35,#FFFA8072
1954,1956,0,0,Healthy,58.68,#FFFA8072
1957,1959,0,0,Healthy,99.34,#FFFA8072
1960,1962,0,0,Healthy,99.28,#FFFA8072
1963,1965,0,0,Healthy,99.36,#FFFA8072
1966,1968,0,0,Healthy,99.18,#FFFA8072
1969,1971,0,0,Outlier,,
1972,1974,0,0,Healthy,99.32,#FFFA8072
1975,1977,0,0,Healthy,98.5,#FFFA8072
1978,1980,0,0,Healthy,98.56,#FFFA8072
1981,1983,0,0,Healthy,98.28,#FFFA8072
1984,1986,0,0,Healthy,93.56,#FFFA8072
1987,1989,0,0,Tumor,95.61,#FF8A2BE2
1990,1992,0,0,Outlier,,
1993,1995,0,0,Healthy,96.08,#FFFA8072
1996,1998,0,0,Healthy,93.85,#FFFA8072
1999,2001,0,0,Peritumoral region,97.62,#FFB0C4DE
2002,2004,0,0,Healthy,96.87,#FFFA8072
2005,2007,0,0,Healthy,93.36,#FFFA8072
2008,2010,0,0,Healthy,98.5,#FFFA8072
2011,2013,0,0,Outlier,,
2014,2016,0,0,Healthy,98.99,#FFFA8072
2017,2019,0,0,Healthy,99.27,#FFFA8072
2020,2022,0,0,Healthy,95.89,#FFFA8072
2023,2025,0,0,Tumor,95.24,#FF8A2BE2
2026,2028,0,0,Healthy,96.27,#FFFA8072
2029,2031,0,0,Healthy,78.3,#FFFA8072
2032,2034,0,0,Healthy,91.19,#FFFA8072
2035,2037,0,0,Healthy,95.76,#FFFA8072
2038,2040,0,0,Tumor,90.44,#FF8A2BE2
2041,2043,0,0,Healthy,80.87,#FFFA8072
2044,2046,0,0,Healthy,75.74,#FFFA8072
2047,2049,0,0,Peritumoral region,98.14,#FFB0C4DE
2050,2052,0,0,Tumor,96.35,#FF8A2BE2
2053,2055,0,0,Healthy,98.88,#FFFA8072
2056,2058,0,0,Healthy,98.6,#FFFA8072
2059,2061,0,0,Healthy,65.79,#FFFA8072
2062,2064,0,0,Healthy,99.39,#FFFA8072
2065,2067,0,0,Healthy,99.27,#FFFA8072
2068,2070,0,0,Healthy,99.38,#FFFA8072
2071,2073,0,0,Healthy,99.26,#FFFA8072
2074,2076,0,0,Healthy,99.06,#FFFA8072
2077,2079,0,0,Healthy,99,#FFFA8072
2080,2082,0,0,Healthy,99.33,#FFFA8072
2083,2085,0,0,Healthy,99,#FFFA8072
2086,2088,0,0,Healthy,99.21,#FFFA8072
2089,2091,0,0,Healthy,99.08,#FFFA8072
2092,2094,0,0,Outlier,,
2095,2097,0,0,Healthy,97.54,#FFFA8072
2098,2100,0,0,Healthy,98.58,#FFFA8072
2101,2103,0,0,Healthy,98.42,#FFFA8072
2104,2106,0,0,Healthy,98.63,#FFFA8072
2107,2109,0,0,Healthy,86.6,#FFFA8072
2110,2112,0,0,Healthy,97.49,#FFFA8072
2113,2115,0,0,Healthy,97.8,#FFFA8072
2116,2118,0,0,Healthy,97.66,#FFFA8072
2119,2121,0,0,Healthy,99.25,#FFFA8072
2122,2124,0,0,Healthy,97.49,#FFFA8072
2125,2127,0,0,Healthy,98.5,#FFFA8072
2128,2130,0,0,Healthy,97.85,#FFFA8072
2131,2133,0,0,Healthy,94.59,#FFFA8072
2134,2136,0,0,Healthy,99.24,#FFFA8072
2137,2139,0,0,Peritumoral region,97.41,#FFB0C4DE
2140,2142,0,0,Healthy,99.17,#FFFA8072
2143,2145,0,0,Healthy,92.27,#FFFA8072
2146,2148,0,0,Healthy,98.56,#FFFA8072
2149,2151,0,0,Healthy,99.27,#FFFA8072
2152,2154,0,0,Healthy,92.72,#FFFA8072
2155,2157,0,0,Outlier,,
2158,2160,0,0,Tumor,99.07,#FF8A2BE2
2161,2163,0,0,Outlier,,
2164,2166,0,0,Tumor,91.53,#FF8A2BE2
2167,2169,0,0,Healthy,99.23,#FFFA8072
2170,2172,0,0,Peritumoral region,95.43,#FFB0C4DE
2173,2175,0,0,Healthy,95.64,#FFFA8072
2176,2178,0,0,Healthy,81.98,#FFFA8072
2179,2181,0,0,Peritumoral region,96.97,#FFB0C4DE
2182,2184,0,0,Healthy,98.23,#FFFA8072
2185,2187,0,0,Healthy,85.27,#FFFA8072
2188,2190,0,0,Peritumoral region,99.38,#FFB0C4DE
2191,2193,0,0,Outlier,,
2194,2196,0,0,Tumor,89.9,#FF8A2BE2
2197,2199,0,0,Healthy,95.85,#FFFA8072
2200,2202,0,0,Healthy,98.9,#FFFA8072
2203,2205,0,0,Tumor,98.84,#FF8A2BE2
2206,2208,0,0,Outlier,,
2209,2211,0,0,Healthy,99.21,#FFFA8072
2212,2214,0,0,Healthy,99.14,#FFFA8072
2215,2217,0,0,Outlier,,
2218,2220,0,0,Tumor,96.81,#FF8A2BE2
2221,2223,0,0,Healthy,98.73,#FFFA8072
2224,2226,0,0,Healthy,99.2,#FFFA8072
2227,2229,0,0,Tumor,94.7,#FF8A2BE2
2230,2232,0,0,Healthy,97.85,#FFFA8072
2233,2235,0,0,Outlier,,
2236,2238,0,0,Tumor,99.36,#FF8A2BE2
2239,2241,0,0,Peritumoral region,84.25,#FFB0C4DE
2242,2244,0,0,Healthy,99.38,#FFFA8072
2245,2247,0,0,Outlier,,
2248,2250,0,0,Healthy,97.78,#FFFA8072
2251,2253,0,0,Healthy,99.13,#FFFA8072
2254,2256,0,0,Healthy,99.16,#FFFA8072
2257,2259,0,0,Healthy,99.14,#FFFA8072
2260,2262,0,0,Healthy,70.29,#FFFA8072
2263,2265,0,0,Healthy,93.77,#FFFA8072
2266,2268,0,0,Outlier,,
2269,2271,0,0,Outlier,,
2272,2274,0,0,Healthy,96.94,#FFFA8072
2275,2277,0,0,Healthy,95.24,#FFFA8072
2278,2280,0,0,Healthy,98.5,#FFFA8072
2281,2283,0,0,Healthy,99.27,#FFFA8072
2284,2286,0,0,Healthy,96.87,#FFFA8072
2287,2289,0,0,Healthy,98.07,#FFFA8072
2290,2292,0,0,Healthy,99.15,#FFFA8072
2293,2295,0,0,Healthy,89.93,#FFFA8072
2296,2298,0,0,Healthy,97.52,#FFFA8072
2299,2301,0,0,Tumor,86.03,#FF8A2BE2
2302,2304,0,0,Healthy,71.4,#FFFA8072
2305,2307,0,0,Healthy,98.79,#FFFA8072
2308,2310,0,0,Healthy,90.9,#FFFA8072
2311,2313,0,0,Healthy,96.2,#FFFA8072
2314,2316,0,0,Healthy,90.21,#FFFA8072
2317,2319,0,0,Healthy,98.89,#FFFA8072
2320,2322,0,0,Healthy,99.3,#FFFA8072
2323,2325,0,0,Healthy,98.83,#FFFA8072
2326,2328,0,0,Healthy,99.26,#FFFA8072
2329,2331,0,0,Healthy,99.19,#FFFA8072
2332,2334,0,0,Outlier,,
2335,2337,0,0,Healthy,98.47,#FFFA8072
2338,2340,0,0,Outlier,,
2341,2343,0,0,Healthy,59.89,#FFFA8072
2344,2346,0,0,Healthy,97.55,#FFFA8072
2347,2349,0,0,Healthy,99.33,#FFFA8072
2350,2352,0,0,Tumor,93.9,#FF8A2BE2
2353,2355,0,0,Outlier,,
2356,2358,0,0,Healthy,97.58,#FFFA8072
2359,2361,0,0,Healthy,99.27,#FFFA8072
2362,2364,0,0,Outlier,,
2365,2367,0,0,Healthy,98.85,#FFFA8072
2368,2370,0,0,Healthy,98.3,#FFFA8072
2371,2373,0,0,Healthy,99.2,#FFFA8072
2374,2376,0,0,Healthy,93.81,#FFFA8072
2377,2379,0,0,Outlier,,
2380,2382,0,0,Outlier,,
2383,2385,0,0,Tumor,83.94,#FF8A2BE2
2386,2388,0,0,Healthy,95.22,#FFFA8072
2389,2391,0,0,Healthy,82.44,#FFFA8072
2392,2394,0,0,Healthy,99.14,#FFFA8072
2395,2397,0,0,Healthy,99.18,#FFFA8072
2398,2400,0,0,Healthy,81.74,#FFFA8072
2401,2403,0,0,Healthy,98.37,#FFFA8072
2404,2406,0,0,Tumor,87.84,#FF8A2BE2
2407,2409,0,0,Tumor,98.78,#FF8A2BE2
2410,2412,0,0,Healthy,99.03,#FFFA8072
2413,2415,0,0,Healthy,96.65,#FFFA8072
2416,2418,0,0,Healthy,93.24,#FFFA8072
2419,2421,0,0,Healthy,99.18,#FFFA8072
2422,2424,0,0,Healthy,98.84,#FFFA8072
2425,2427,0,0,Healthy,95.3,#FFFA8072
2428,2430,0,0,Peritumoral region,86.5,#FFB0C4DE
2431,2433,0,0,Healthy,96.83,#FFFA8072
2434,2436,0,0,Tumor,88,#FF8A2BE2
2437,2439,0,0,Healthy,98.45,#FFFA8072
2440,2442,0,0,Healthy,99.36,#FFFA8072
2443,2445,0,0,Healthy,98.48,#FFFA8072
2446,2448,0,0,Healthy,69.47,#FFFA8072
2449,2451,0,0,Outlier,,
2452,2454,0,0,Healthy,99.33,#FFFA8072
2455,2457,0,0,Outlier,,
2458,2460,0,0,Healthy,99.3,#FFFA8072
2461,2463,0,0,Healthy,98.03,#FFFA8072
2464,2466,0,0,Healthy,88.8,#FFFA8072
2467,2469,0,0,Tumor,97.45,#FF8A2BE2
2470,2472,0,0,Outlier,,
2473,2475,0,0,Healthy,98.9,#FFFA8072
2476,2478,0,0,Healthy,99,#FFFA8072
2479,2481,0,0,Healthy,98.8,#FFFA8072
2482,2484,0,0,Healthy,89.86,#FFFA8072
2485,2487,0,0,Healthy,99.38,#FFFA8072
2488,2490,0,0,Healthy,95.8,#FFFA8072
2491,2493,0,0,Healthy,99.25,#FFFA8072
2494,2496,0,0,Healthy,97.4,#FFFA8072
2497,2499,0,0,Tumor,81.3,#FF8A2BE2
2500,2502,0,0,Outlier,,
2503,2505,0,0,Peritumoral region,93.5,#FFB0C4DE
2506,2508,0,0,Healthy,99.32,#FFFA8072
2509,2511,0,0,Healthy,83.08,#FFFA8072
2512,2514,0,0,Healthy,98.31,#FFFA8072
2515,2517,0,0,Healthy,96.47,#FFFA8072
2518,2520,0,0,Healthy,98.8,#FFFA8072
2521,2523,0,0,Healthy,97.57,#FFFA8072
2524,2526,0,0,Healthy,98.16,#FFFA8072
2527,2529,0,0,Healthy,99.17,#FFFA8072
2530,2532,0,0,Healthy,96.96,#FFFA8072
2533,2535,0,0,Healthy,93.42,#FFFA8072
2536,2538,0,0,Healthy,99.18,#FFFA8072
2539,2541,0,0,Healthy,99.27,#FFFA8072
2542,2544,0,0,Healthy,77.04,#FFFA8072
2545,2547,0,0,Healthy,99.04,#FFFA8072
2548,2550,0,0,Healthy,98.13,#FFFA8072
2551,2553,0,0,Healthy,93.79,#FFFA8072
2554,2556,0,0,Healthy,98.72,#FFFA8072
2557,2559,0,0,Healthy,98.19,#FFFA8072
2560,2562,0,0,Healthy,98.21,#FFFA8072
2563,2565,0,0,Healthy,99.37,#FFFA8072
2566,2568,0,0,Healthy,99.08,#FFFA8072
2569,2571,0,0,Healthy,99.35,#FFFA8072
2572,2574,0,0,Healthy,97.36,#FFFA8072
2575,2577,0,0,Healthy,93.44,#FFFA8072
2578,2580,0,0,Healthy,97.92,#FFFA8072
2581,2583,0,0,Healthy,97.07,#FFFA8072
2584,2586,0,0,Healthy,97.1,#FFFA8072
2587,2589,0,0,Healthy,97.8,#FFFA8072
2590,2592,0,0,Healthy,58.29,#FFFA8072
2593,2595,0,0,Healthy,96.59,#FFFA8072
2596,2598,0,0,Healthy,99.14,#FFFA8072
2599,2601,0,0,Healthy,99.09,#FFFA8072
2602,2604,0,0,Healthy,98.77,#FFFA8072
2605,2607,0,0,Peritumoral region,96.33,#FFB0C4DE
2608,2610,0,0,Healthy,99.23,#FFFA8072
2611,2613,0,0,Healthy,83.82,#FFFA8072
2614,2616,0,0,Healthy,99.1,#FFFA8072
2617,2619,0,0,Outlier,,
2620,2622,0,0,Healthy,96.57,#FFFA8072
2623,2625,0,0,Tumor,87.16,#FF8A2BE2
2626,2628,0,0,Peritumoral region,97.45,#FFB0C4DE
2629,2631,0,0,Healthy,99.08,#FFFA8072
2632,2634,0,0,Healthy,97.51,#FFFA8072
2635,2637,0,0,Healthy,98.75,#FFFA8072
2638,2640,0,0,Outlier,,
2641,2643,0,0,Outlier,,
2644,2646,0,0,Healthy,94.57,#FFFA8072
2647,2649,0,0,Healthy,99.37,#FFFA8072
2650,2652,0,0,Outlier,,
2653,2655,0,0,Healthy,98.33,#FFFA8072
2656,2658,0,0,Healthy,91.82,#FFFA8072
2659,2661,0,0,Peritumoral region,99.17,#FFB0C4DE
2662,2664,0,0,Healthy,97.83,#FFFA8072
2665,2667,0,0,Healthy,59.37,#FFFA8072
2668,2670,0,0,Healthy,98.79,#FFFA8072
2671,2673,0,0,Outlier,,
2674,2676,0,0,Outlier,,
2677,2679,0,0,Tumor,97.35,#FF8A2BE2
2680,2682,0,0,Tumor,84.44,#FF8A2BE2
2683,2685,0,0,Outlier,,
2686,2688,0,0,Healthy,93.41,#FFFA8072
2689,2691,0,0,Healthy,99.36,#FFFA8072
2692,2694,0,0,Outlier,,
2695,2697,0,0,Tumor,90.37,#FF8A2BE2
2698,2700,0,0,Healthy,99.2,#FFFA8072
2701,2703,0,0,Outlier,,
2704,2706,0,0,Peritumoral region,98.23,#FFB0C4DE
2707,2709,0,0,Tumor,96.62,#FF8A2BE2
2710,2712,0,0,Healthy,98.94,#FFFA8072
2713,2715,0,0,Healthy,99.31,#FFFA8072
2716,2718,0,0,Healthy,99.28,#FFFA8072
2719,2721,0,0,Healthy,99.14,#FFFA8072
2722,2724,0,0,Outlier,,
2725,2727,0,0,Outlier,,
2728,2730,0,0,Healthy,98.31,#FFFA8072
2731,2733,0,0,Healthy,98.97,#FFFA8072
2734,2736,0,0,Outlier,,
2737,2739,0,0,Outlier,,
2740,2742,0,0,Outlier,,
2743,2745,0,0,Healthy,89.4,#FFFA8072
2746,2748,0,0,Outlier,,
2749,2751,0,0,Healthy,99.35,#FFFA8072
2752,2754,0,0,Healthy,98.62,#FFFA8072
2755,2757,0,0,Healthy,97.82,#FFFA8072
2758,2760,0,0,Healthy,96.87,#FFFA8072
2761,2763,0,0,Healthy,98.46,#FFFA8072
2764,2766,0,0,Healthy,97.07,#FFFA8072
2767,2769,0,0,Healthy,98.89,#FFFA8072
2770,2772,0,0,Peritumoral region,96.27,#FFB0C4DE
2773,2775,0,0,Healthy,99.38,#FFFA8072
2776,2778,0,0,Healthy,99.15,#FFFA8072
2779,2781,0,0,Healthy,99.32,#FFFA8072
2782,2784,0,0,Healthy,99.1,#FFFA8072
2785,2787,0,0,Peritumoral region,98.69,#FFB0C4DE
2788,2790,0,0,Peritumoral region,97.66,#FFB0C4DE
2791,2793,0,0,Healthy,98.93,#FFFA8072
2794,2796,0,0,Healthy,99.09,#FFFA8072
2797,2799,0,0,Healthy,98.73,#FFFA8072
2800,2802,0,0,Healthy,99.33,#FFFA8072
2803,2805,0,0,Healthy,99.37,#FFFA8072
2806,2808,0,0,Healthy,99.36,#FFFA8072
2809,2811,0,0,Healthy,99.36,#FFFA8072
2812,2814,0,0,Healthy,99.34,#FFFA8072
2815,2817,0,0,Tumor,79.49,#FF8A2BE2
2818,2820,0,0,Healthy,98.84,#FFFA8072
2821,2823,0,0,Healthy,99.32,#FFFA8072
2824,2826,0,0,Healthy,98.79,#FFFA8072
2827,2829,0,0,Outlier,,
2830,2832,0,0,Healthy,98.72,#FFFA8072
2833,2835,0,0,Tumor,94.19,#FF8A2BE2
2836,2838,0,0,Healthy,80.04,#FFFA8072
2839,2841,0,0,Healthy,98.73,#FFFA8072
2842,2844,0,0,Healthy,99.34,#FFFA8072
2845,2847,0,0,Peritumoral region,98.45,#FFB0C4DE
2848,2850,0,0,Healthy,99.15,#FFFA8072
2851,2853,0,0,Healthy,98.78,#FFFA8072
2854,2856,0,0,Healthy,99.3,#FFFA8072
2857,2859,0,0,Outlier,,
2860,2862,0,0,Healthy,98.98,#FFFA8072
2863,2865,0,0,Healthy,97.1,#FFFA8072
2866,2868,0,0,Healthy,99.38,#FFFA8072
2869,2871,0,0,Outlier,,
2872,2874,0,0,Peritumoral region,97.21,#FFB0C4DE
2875,2877,0,0,Tumor,94.12,#FF8A2BE2
2878,2880,0,0,Healthy,98.7,#FFFA8072
2881,2883,0,0,Healthy,98.99,#FFFA8072
2884,2886,0,0,Outlier,,
2887,2889,0,0,Healthy,98.98,#FFFA8072
2890,2892,0,0,Healthy,99.01,#FFFA8072
2893,2895,0,0,Healthy,95.04,#FFFA8072
2896,2898,0,0,Healthy,99.38,#FFFA8072
2899,2901,0,0,Peritumoral region,97.62,#FFB0C4DE
2902,2904,0,0,Healthy,99.19,#FFFA8072
2905,2907,0,0,Healthy,99.18,#FFFA8072
2908,2910,0,0,Healthy,99.09,#FFFA8072
2911,2913,0,0,Healthy,97,#FFFA8072
2914,2916,0,0,Tumor,87.16,#FF8A2BE2
2917,2919,0,0,Peritumoral region,99.09,#FFB0C4DE
2920,2922,0,0,Healthy,99.2,#FFFA8072
2923,2925,0,0,Healthy,98.72,#FFFA8072
2926,2928,0,0,Healthy,85.19,#FFFA8072
2929,2931,0,0,Healthy,92.88,#FFFA8072
2932,2934,0,0,Outlier,,
2935,2937,0,0,Healthy,99.31,#FFFA8072
2938,2940,0,0,Healthy,98.26,#FFFA8072
2941,2943,0,0,Healthy,99.35,#FFFA8072
2944,2946,0,0,Healthy,98.46,#FFFA8072
2947,2949,0,0,Healthy,97.78,#FFFA8072
2950,2952,0,0,Healthy,97.54,#FFFA8072
2953,2955,0,0,Outlier,,
2956,2958,0,0,Healthy,98.37,#FFFA8072
2959,2961,0,0,Healthy,82.37,#FFFA8072
2962,2964,0,0,Healthy,99.1,#FFFA8072
2965,2967,0,0,Healthy,99.31,#FFFA8072
2968,2970,0,0,Healthy,93.25,#FFFA8072
2971,2973,0,0,Outlier,,
2974,2976,0,0,Outlier,,
2977,2979,0,0,Healthy,62.78,#FFFA8072
2980,2982,0,0,Healthy,98.22,#FFFA8072
2983,2985,0,0,Healthy,93.11,#FFFA8072
2986,2988,0,0,Healthy,95.11,#FFFA8072
2989,2991,0,0,Healthy,99.24,#FFFA8072
2992,2994,0,0,Healthy,99.35,#FFFA8072
2995,2997,0,0,Healthy,98.38,#FFFA8072
2998,3000,0,0,Healthy,91.62,#FFFA8072
3001,3003,0,0,Healthy,89.93,#FFFA8072
3004,3006,0,0,Healthy,99.22,#FFFA8072
3007,3009,0,0,Peritumoral region,97.58,#FFB0C4DE
3010,3012,0,0,Healthy,95.06,#FFFA8072
3013,3015,0,0,Healthy,64.9,#FFFA8072
3016,3018,0,0,Healthy,99.31,#FFFA8072
3019,3021,0,0,Healthy,94.08,#FFFA8072
3022,3024,0,0,Peritumoral region,95.57,#FFB0C4DE
3025,3027,0,0,Healthy,99.23,#FFFA8072
3028,3030,0,0,Healthy,98.28,#FFFA8072
3031,3033,0,0,Peritumoral region,99.34,#FFB0C4DE
3034,3036,0,0,Healthy,99.24,#FFFA8072
3037,3039,0,0,Tumor,88.6,#FF8A2BE2
3040,3042,0,0,Outlier,,
3043,3045,0,0,Healthy,95.91,#FFFA8072
3046,3048,0,0,Healthy,98.89,#FFFA8072
3049,3051,0,0,Peritumoral region,93.34,#FFB0C4DE
3052,3054,0,0,Healthy,99,#FFFA8072
3055,3057,0,0,Peritumoral region,98.72,#FFB0C4DE
3058,3060,0,0,Tumor,98.96,#FF8A2BE2
3061,3063,0,0,Healthy,99.27,#FFFA8072
3064,3066,0,0,Healthy,99.16,#FFFA8072
3067,3069,0,0,Healthy,98.63,#FFFA8072
3070,3072,0,0,Healthy,99.39,#FFFA8072
3073,3075,0,0,Healthy,99.31,#FFFA8072
3076,3078,0,0,Healthy,98.93,#FFFA8072
3079,3081,0,0,Healthy,95.12,#FFFA8072
3082,3084,0,0,Healthy,98.73,#FFFA8072
3085,3087,0,0,Healthy,98.47,#FFFA8072
3088,3090,0,0,Healthy,99.23,#FFFA8072
3091,3093,0,0,Peritumoral region,99.21,#FFB0C4DE
3094,3096,0,0,Healthy,98.02,#FFFA8072
3097,3099,0,0,Outlier,,
3100,3102,0,0,Tumor,69.87,#FF8A2BE2
3103,3105,0,0,Tumor,87.66,#FF8A2BE2
3106,3108,0,0,Healthy,99.31,#FFFA8072
3109,3111,0,0,Healthy,96.92,#FFFA8072
3112,3114,0,0,Healthy,99.33,#FFFA8072
3115,3117,0,0,Healthy,98.82,#FFFA8072
3118,3120,0,0,Outlier,,
3121,3123,0,0,Healthy,99.12,#FFFA8072
3124,3126,0,0,Healthy,99.37,#FFFA8072
3127,3129,0,0,Healthy,99.21,#FFFA8072
3130,3132,0,0,Healthy,99.31,#FFFA8072
3133,3135,0,0,Healthy,99.26,#FFFA8072
3136,3138,0,0,Healthy,99.09,#FFFA8072
3139,3141,0,0,Healthy,98.62,#FFFA8072
3142,3144,0,0,Healthy,99.03,#FFFA8072
3145,3147,0,0,Outlier,,
3148,3150,0,0,Healthy,98.96,#FFFA8072
3151,3153,0,0,Outlier,,
3154,3156,0,0,Healthy,59.4,#FFFA8072
3157,3159,0,0,Tumor,99.28,#FF8A2BE2
3160,3162,0,0,Healthy,99.33,#FFFA8072
3163,3165,0,0,Healthy,99.31,#FFFA8072
3166,3168,0,0,Healthy,97.88,#FFFA8072
3169,3171,0,0,Peritumoral region,98.74,#FFB0C4DE
3172,3174,0,0,Outlier,,
3175,3177,0,0,Peritumoral region,66.32,#FFB0C4DE
3178,3180,0,0,Healthy,95.31,#FFFA8072
3181,3183,0,0,Peritumoral region,98.98,#FFB0C4DE
3184,3186,0,0,Peritumoral region,89.79,#FFB0C4DE
3187,3189,0,0,Healthy,99.39,#FFFA8072
3190,3192,0,0,Peritumoral region,97.75,#FFB0C4DE
3193,3195,0,0,Healthy,96,#FFFA8072
3196,3198,0,0,Healthy,99.37,#FFFA8072
3199,3201,0,0,Healthy,99,#FFFA8072
3202,3204,0,0,Tumor,99.21,#FF8A2BE2
3205,3207,0,0,Healthy,98.59,#FFFA8072
3208,3210,0,0,Healthy,97.87,#FFFA8072
3211,3213,0,0,Healthy,99.26,#FFFA8072
3214,3216,0,0,Healthy,99.32,#FFFA8072
3217,3219,0,0,Healthy,98.95,#FFFA8072
3220,3222,0,0,Healthy,98.56,#FFFA8072
3223,3225,0,0,Outlier,,
3226,3228,0,0,Outlier,,
3229,3231,0,0,Healthy,83.61,#FFFA8072
3232,3234,0,0,Healthy,98.01,#FFFA8072
3235,3237,0,0,Outlier,,
3238,3240,0,0,Peritumoral region,96.95,#FFB0C4DE
3241,3243,0,0,Outlier,,
3244,3246,0,0,Healthy,98.25,#FFFA8072
3247,3249,0,0,Outlier,,
